{"0": {"precision": 0.9952153110047847, "recall": 1.0, "f1-score": 0.9976019184652278, "support": 416.0}, "1": {"precision": 0.8545454545454545, "recall": 0.7833333333333333, "f1-score": 0.8173913043478261, "support": 60.0}, "2": {"precision": 0.9853479853479854, "recall": 0.9746376811594203, "f1-score": 0.9799635701275046, "support": 276.0}, "3": {"precision": 0.8888888888888888, "recall": 0.9230769230769231, "f1-score": 0.9056603773584906, "support": 156.0}, "accuracy": 0.9647577092511013, "macro avg": {"precision": 0.9309994099467783, "recall": 0.9202619843924191, "f1-score": 0.9251542925747622, "support": 908.0}, "weighted avg": {"precision": 0.9646530917108241, "recall": 0.9647577092511013, "f1-score": 0.9645361680237006, "support": 908.0}}